{
  "Intercept": -492.70037431673325,
  "Total_Withdrawals": 1.012080954268199,
  "Total_Deposits": -0.7538466154548543,
  "Holiday_Flag": 5524.717343089523,
  "Special_Event_Flag": 7211.401997249111
}